{
  "project_info": {
    "project_number": "236226652992",
    "project_id": "ppb-me",
    "storage_bucket": "ppb-me.firebasestorage.app"
  },
  "client": [
    {
      "client_info": {
        "mobilesdk_app_id": "1:236226652992:android:060d9613ae4ad7ede828a5",
        "android_client_info": {
          "package_name": "com.example.guide11"
        }
      },
      "oauth_client": [],
      "api_key": [
        {
          "current_key": "AIzaSyBbF41z1UOy9ZA5wqIhVhbfeNYkhIgQsR8"
        }
      ],
      "services": {
        "appinvite_service": {
          "other_platform_oauth_client": []
        }
      }
    }
  ],
  "configuration_version": "1"
}